PRAGMA defer_foreign_keys=TRUE;
CREATE TABLE day_schedules (
            date TEXT PRIMARY KEY,
            schedule TEXT NOT NULL CHECK (schedule IN ('A', 'B')),
            created_at DATETIME DEFAULT CURRENT_TIMESTAMP,
            updated_at DATETIME DEFAULT CURRENT_TIMESTAMP
        );
INSERT INTO day_schedules VALUES('2025-06-05','A','2025-06-12T00:21:16.794Z','2025-06-12T00:21:16.794Z');
INSERT INTO day_schedules VALUES('2025-06-06','B','2025-06-12T00:20:33.496Z','2025-06-12T00:20:33.501Z');
INSERT INTO day_schedules VALUES('2025-06-09','A','2025-06-12T00:32:07.376Z','2025-06-12T00:32:07.385Z');
INSERT INTO day_schedules VALUES('2025-06-11','A','2025-06-12T00:40:13.810Z','2025-06-12T00:40:13.814Z');
INSERT INTO day_schedules VALUES('2025-06-12','A','2025-06-12T00:31:10.410Z','2025-06-12T00:31:10.418Z');
INSERT INTO day_schedules VALUES('2025-06-16','A','2025-06-11T23:05:39.972Z','2025-06-11T23:06:13.338Z');
INSERT INTO day_schedules VALUES('2025-06-17','B','2025-06-11T23:05:39.990Z','2025-06-11T23:06:12.923Z');
INSERT INTO day_schedules VALUES('2025-06-18','A','2025-06-11T23:05:39.975Z','2025-06-11T23:06:12.817Z');
INSERT INTO day_schedules VALUES('2025-06-19','B','2025-06-11T23:05:39.931Z','2025-06-11T23:06:12.907Z');
INSERT INTO day_schedules VALUES('2025-06-20','A','2025-06-11T23:05:39.961Z','2025-06-11T23:06:12.880Z');
INSERT INTO day_schedules VALUES('2025-08-26','A','2025-06-12T03:23:33.477Z','2025-06-12T03:23:33.477Z');
INSERT INTO day_schedules VALUES('2025-08-27','B','2025-06-12T03:23:33.477Z','2025-06-12T03:23:33.477Z');
INSERT INTO day_schedules VALUES('2025-08-28','A','2025-06-12T03:23:33.477Z','2025-06-12T03:23:33.477Z');
INSERT INTO day_schedules VALUES('2025-08-29','B','2025-06-12T03:23:33.477Z','2025-06-12T03:23:33.477Z');
INSERT INTO day_schedules VALUES('2025-09-02','A','2025-06-12T03:23:56.081Z','2025-06-12T03:23:56.081Z');
INSERT INTO day_schedules VALUES('2025-09-03','B','2025-06-12T03:23:56.081Z','2025-08-07T00:26:26.254Z');
INSERT INTO day_schedules VALUES('2025-09-04','A','2025-06-12T03:23:56.081Z','2025-06-12T03:23:56.081Z');
INSERT INTO day_schedules VALUES('2025-09-05','B','2025-06-12T03:23:56.081Z','2025-06-12T03:23:56.081Z');
INSERT INTO day_schedules VALUES('2025-09-08','A','2025-06-12T03:23:56.081Z','2025-06-12T03:23:56.081Z');
INSERT INTO day_schedules VALUES('2025-09-09','B','2025-06-12T03:23:56.081Z','2025-06-12T03:23:56.081Z');
INSERT INTO day_schedules VALUES('2025-09-10','A','2025-06-12T03:23:56.081Z','2025-06-12T03:23:56.081Z');
INSERT INTO day_schedules VALUES('2025-09-11','B','2025-06-12T03:23:56.081Z','2025-06-12T03:23:56.081Z');
INSERT INTO day_schedules VALUES('2025-09-12','A','2025-06-12T03:23:56.081Z','2025-06-12T03:23:56.081Z');
INSERT INTO day_schedules VALUES('2025-09-15','B','2025-06-12T03:23:56.081Z','2025-06-12T03:23:56.081Z');
INSERT INTO day_schedules VALUES('2025-09-16','A','2025-06-12T03:23:56.081Z','2025-06-12T03:23:56.081Z');
INSERT INTO day_schedules VALUES('2025-09-17','B','2025-06-12T03:23:56.081Z','2025-06-12T03:23:56.081Z');
INSERT INTO day_schedules VALUES('2025-09-18','A','2025-06-12T03:23:56.081Z','2025-06-12T03:23:56.081Z');
INSERT INTO day_schedules VALUES('2025-09-19','B','2025-06-12T03:23:56.081Z','2025-06-12T03:23:56.081Z');
INSERT INTO day_schedules VALUES('2025-09-22','A','2025-06-12T03:23:56.081Z','2025-06-12T03:23:56.081Z');
INSERT INTO day_schedules VALUES('2025-09-23','B','2025-06-12T03:23:56.081Z','2025-06-12T03:23:56.081Z');
INSERT INTO day_schedules VALUES('2025-09-24','A','2025-06-12T03:23:56.081Z','2025-06-12T03:23:56.081Z');
INSERT INTO day_schedules VALUES('2025-09-25','B','2025-06-12T03:23:56.081Z','2025-06-12T03:23:56.081Z');
INSERT INTO day_schedules VALUES('2025-09-29','A','2025-06-12T03:23:56.081Z','2025-06-12T03:23:56.081Z');
INSERT INTO day_schedules VALUES('2025-09-30','B','2025-06-12T03:23:56.081Z','2025-06-12T03:23:56.081Z');
INSERT INTO day_schedules VALUES('2025-10-01','A','2025-06-12T03:24:09.016Z','2025-06-12T03:24:09.016Z');
INSERT INTO day_schedules VALUES('2025-10-02','B','2025-06-12T03:24:09.016Z','2025-06-12T03:24:09.016Z');
INSERT INTO day_schedules VALUES('2025-10-03','A','2025-06-12T03:24:09.016Z','2025-06-12T03:24:09.016Z');
INSERT INTO day_schedules VALUES('2025-10-06','B','2025-06-12T03:24:09.016Z','2025-06-12T03:24:09.016Z');
INSERT INTO day_schedules VALUES('2025-10-07','A','2025-06-12T03:24:09.016Z','2025-06-12T03:24:09.016Z');
INSERT INTO day_schedules VALUES('2025-10-08','B','2025-06-12T03:24:09.016Z','2025-06-12T03:24:09.016Z');
INSERT INTO day_schedules VALUES('2025-10-09','A','2025-06-12T03:24:09.016Z','2025-06-12T03:24:09.016Z');
INSERT INTO day_schedules VALUES('2025-10-10','B','2025-06-12T03:29:52.857Z','2025-06-12T03:29:52.863Z');
INSERT INTO day_schedules VALUES('2025-10-13','B','2025-06-12T03:24:09.016Z','2025-06-12T03:24:09.016Z');
INSERT INTO day_schedules VALUES('2025-10-14','A','2025-06-12T03:24:09.016Z','2025-06-12T03:24:09.016Z');
INSERT INTO day_schedules VALUES('2025-10-15','B','2025-06-12T03:29:39.064Z','2025-06-12T03:29:39.074Z');
INSERT INTO day_schedules VALUES('2025-10-16','A','2025-06-12T03:29:40.567Z','2025-06-12T03:29:40.580Z');
INSERT INTO day_schedules VALUES('2025-10-17','B','2025-06-12T03:24:09.016Z','2025-06-12T03:24:09.016Z');
INSERT INTO day_schedules VALUES('2025-10-20','A','2025-06-12T03:24:09.016Z','2025-06-12T03:24:09.016Z');
INSERT INTO day_schedules VALUES('2025-10-21','B','2025-06-12T03:24:09.016Z','2025-06-12T03:24:09.016Z');
INSERT INTO day_schedules VALUES('2025-10-22','A','2025-06-12T03:24:09.016Z','2025-06-12T03:24:09.016Z');
INSERT INTO day_schedules VALUES('2025-10-23','B','2025-06-12T03:24:09.016Z','2025-06-12T03:24:09.016Z');
INSERT INTO day_schedules VALUES('2025-10-24','A','2025-06-12T03:24:09.016Z','2025-06-12T03:24:09.016Z');
INSERT INTO day_schedules VALUES('2025-10-27','B','2025-06-12T03:24:09.016Z','2025-08-04T23:46:55.897Z');
INSERT INTO day_schedules VALUES('2025-10-28','A','2025-06-12T03:24:09.016Z','2025-08-04T23:46:57.503Z');
INSERT INTO day_schedules VALUES('2025-10-29','B','2025-06-12T03:24:09.016Z','2025-08-04T23:46:59.548Z');
INSERT INTO day_schedules VALUES('2025-10-30','A','2025-06-12T03:24:09.016Z','2025-08-04T23:47:01.055Z');
INSERT INTO day_schedules VALUES('2025-11-03','B','2025-08-04T23:48:25.401Z','2025-08-04T23:48:25.404Z');
INSERT INTO day_schedules VALUES('2025-11-04','A','2025-06-12T03:24:15.327Z','2025-08-04T23:48:27.725Z');
INSERT INTO day_schedules VALUES('2025-11-05','B','2025-06-12T03:24:15.327Z','2025-08-04T23:48:29.695Z');
INSERT INTO day_schedules VALUES('2025-11-06','A','2025-06-12T03:24:15.327Z','2025-08-04T23:48:31.588Z');
INSERT INTO day_schedules VALUES('2025-11-07','B','2025-06-12T03:24:15.327Z','2025-08-04T23:48:33.192Z');
INSERT INTO day_schedules VALUES('2025-11-12','A','2025-06-12T03:24:15.327Z','2025-08-04T23:28:57.317Z');
INSERT INTO day_schedules VALUES('2025-11-13','B','2025-06-12T03:24:15.327Z','2025-08-04T23:29:22.071Z');
INSERT INTO day_schedules VALUES('2025-11-14','A','2025-06-12T03:24:15.327Z','2025-08-04T23:29:23.833Z');
INSERT INTO day_schedules VALUES('2025-11-17','B','2025-08-04T23:30:04.745Z','2025-08-04T23:30:04.747Z');
INSERT INTO day_schedules VALUES('2025-11-18','A','2025-06-12T03:24:15.327Z','2025-08-04T23:30:06.790Z');
INSERT INTO day_schedules VALUES('2025-11-19','B','2025-06-12T03:24:15.327Z','2025-08-04T23:30:08.542Z');
INSERT INTO day_schedules VALUES('2025-11-20','A','2025-06-12T03:24:15.327Z','2025-08-04T23:30:10.890Z');
INSERT INTO day_schedules VALUES('2025-11-21','B','2025-06-12T03:24:15.327Z','2025-08-04T23:30:13.387Z');
INSERT INTO day_schedules VALUES('2025-12-01','A','2025-08-04T23:30:53.113Z','2025-08-04T23:30:53.116Z');
INSERT INTO day_schedules VALUES('2025-12-02','B','2025-06-12T03:24:22.756Z','2025-08-04T23:30:55.383Z');
INSERT INTO day_schedules VALUES('2025-12-03','A','2025-06-12T03:24:22.756Z','2025-08-04T23:30:56.907Z');
INSERT INTO day_schedules VALUES('2025-12-04','B','2025-06-12T03:24:22.756Z','2025-08-04T23:30:59.132Z');
INSERT INTO day_schedules VALUES('2025-12-05','A','2025-06-12T03:24:22.756Z','2025-08-04T23:31:00.392Z');
INSERT INTO day_schedules VALUES('2025-12-08','B','2025-08-04T23:31:44.956Z','2025-08-04T23:31:44.961Z');
INSERT INTO day_schedules VALUES('2025-12-09','A','2025-06-12T03:24:22.756Z','2025-08-04T23:31:46.849Z');
INSERT INTO day_schedules VALUES('2025-12-10','B','2025-06-12T03:24:22.756Z','2025-08-04T23:31:48.811Z');
INSERT INTO day_schedules VALUES('2025-12-11','A','2025-06-12T03:24:22.756Z','2025-08-04T23:31:50.332Z');
INSERT INTO day_schedules VALUES('2025-12-12','B','2025-06-12T03:24:22.756Z','2025-08-04T23:31:52.861Z');
INSERT INTO day_schedules VALUES('2025-12-15','A','2025-08-04T23:31:58.890Z','2025-08-04T23:31:58.894Z');
INSERT INTO day_schedules VALUES('2025-12-16','B','2025-06-12T03:24:22.756Z','2025-08-04T23:32:00.632Z');
INSERT INTO day_schedules VALUES('2025-12-17','A','2025-06-12T03:24:22.756Z','2025-08-04T23:32:02.431Z');
INSERT INTO day_schedules VALUES('2025-12-18','B','2025-06-12T03:24:22.756Z','2025-08-04T23:32:10.029Z');
INSERT INTO day_schedules VALUES('2025-12-19','A','2025-06-12T03:24:22.756Z','2025-08-04T23:32:11.580Z');
INSERT INTO day_schedules VALUES('2026-01-06','B','2025-08-04T23:33:02.920Z','2025-08-04T23:33:02.926Z');
INSERT INTO day_schedules VALUES('2026-01-07','A','2025-06-12T03:24:34.366Z','2025-06-12T03:24:34.366Z');
INSERT INTO day_schedules VALUES('2026-01-08','B','2025-06-12T03:24:34.366Z','2025-06-12T03:24:34.366Z');
INSERT INTO day_schedules VALUES('2026-01-09','A','2025-06-12T03:24:34.366Z','2025-06-12T03:24:34.366Z');
INSERT INTO day_schedules VALUES('2026-01-12','B','2025-08-04T23:33:19.151Z','2025-08-04T23:33:19.186Z');
INSERT INTO day_schedules VALUES('2026-01-13','A','2025-06-12T03:24:34.366Z','2025-06-12T03:24:34.366Z');
INSERT INTO day_schedules VALUES('2026-01-14','B','2025-06-12T03:24:34.366Z','2025-06-12T03:24:34.366Z');
INSERT INTO day_schedules VALUES('2026-01-15','A','2025-06-12T03:24:34.366Z','2025-06-12T03:24:34.366Z');
INSERT INTO day_schedules VALUES('2026-01-16','B','2025-06-12T03:24:34.366Z','2025-06-12T03:24:34.366Z');
INSERT INTO day_schedules VALUES('2026-01-27','A','2025-06-12T03:24:34.366Z','2025-06-12T03:24:34.366Z');
INSERT INTO day_schedules VALUES('2026-01-28','B','2025-06-12T03:24:34.366Z','2025-06-12T03:24:34.366Z');
INSERT INTO day_schedules VALUES('2026-01-29','A','2025-06-12T03:24:34.366Z','2025-06-12T03:24:34.366Z');
INSERT INTO day_schedules VALUES('2026-01-30','B','2025-06-12T03:24:34.366Z','2025-06-12T03:24:34.366Z');
INSERT INTO day_schedules VALUES('2026-02-02','A','2025-06-12T03:24:42.188Z','2025-06-12T03:24:42.188Z');
INSERT INTO day_schedules VALUES('2026-02-03','B','2025-06-12T03:24:42.188Z','2025-06-12T03:24:42.188Z');
INSERT INTO day_schedules VALUES('2026-02-04','A','2025-06-12T03:24:42.188Z','2025-06-12T03:24:42.188Z');
INSERT INTO day_schedules VALUES('2026-02-05','B','2025-06-12T03:24:42.188Z','2025-06-12T03:24:42.188Z');
INSERT INTO day_schedules VALUES('2026-02-06','A','2025-06-12T03:24:42.188Z','2025-06-12T03:24:42.188Z');
INSERT INTO day_schedules VALUES('2026-02-09','B','2025-06-12T03:24:42.188Z','2025-06-12T03:24:42.188Z');
INSERT INTO day_schedules VALUES('2026-02-10','A','2025-06-12T03:24:42.188Z','2025-06-12T03:24:42.188Z');
INSERT INTO day_schedules VALUES('2026-02-11','B','2025-06-12T03:24:42.188Z','2025-06-12T03:24:42.188Z');
INSERT INTO day_schedules VALUES('2026-02-12','A','2025-06-12T03:24:42.188Z','2025-06-12T03:24:42.188Z');
INSERT INTO day_schedules VALUES('2026-02-13','B','2025-06-12T03:24:42.188Z','2025-06-12T03:24:42.188Z');
INSERT INTO day_schedules VALUES('2026-02-17','A','2025-06-12T03:24:42.188Z','2025-06-12T03:24:42.188Z');
INSERT INTO day_schedules VALUES('2026-02-18','B','2025-06-12T03:24:42.188Z','2025-06-12T03:24:42.188Z');
INSERT INTO day_schedules VALUES('2026-02-19','A','2025-06-12T03:24:42.188Z','2025-06-12T03:24:42.188Z');
INSERT INTO day_schedules VALUES('2026-02-20','B','2025-06-12T03:24:42.188Z','2025-06-12T03:24:42.188Z');
INSERT INTO day_schedules VALUES('2026-02-23','A','2025-06-12T03:24:42.188Z','2025-06-12T03:24:42.188Z');
INSERT INTO day_schedules VALUES('2026-02-24','B','2025-06-12T03:24:42.188Z','2025-06-12T03:24:42.188Z');
INSERT INTO day_schedules VALUES('2026-02-25','A','2025-06-12T03:24:42.188Z','2025-06-12T03:24:42.188Z');
INSERT INTO day_schedules VALUES('2026-02-26','B','2025-06-12T03:24:42.188Z','2025-06-12T03:24:42.188Z');
INSERT INTO day_schedules VALUES('2026-03-02','A','2025-06-12T03:24:51.484Z','2025-06-12T03:24:51.484Z');
INSERT INTO day_schedules VALUES('2026-03-03','B','2025-06-12T03:24:51.484Z','2025-06-12T03:24:51.484Z');
INSERT INTO day_schedules VALUES('2026-03-04','A','2025-06-12T03:24:51.484Z','2025-06-12T03:24:51.484Z');
INSERT INTO day_schedules VALUES('2026-03-05','B','2025-06-12T03:24:51.484Z','2025-06-12T03:24:51.484Z');
INSERT INTO day_schedules VALUES('2026-03-06','A','2025-06-12T03:24:51.484Z','2025-06-12T03:24:51.484Z');
INSERT INTO day_schedules VALUES('2026-03-09','B','2025-06-12T03:24:51.484Z','2025-06-12T03:24:51.484Z');
INSERT INTO day_schedules VALUES('2026-03-10','A','2025-06-12T03:24:51.484Z','2025-06-12T03:24:51.484Z');
INSERT INTO day_schedules VALUES('2026-03-11','B','2025-06-12T03:24:51.484Z','2025-06-12T03:24:51.484Z');
INSERT INTO day_schedules VALUES('2026-03-12','A','2025-06-12T03:24:51.484Z','2025-06-12T03:24:51.484Z');
INSERT INTO day_schedules VALUES('2026-03-13','B','2025-06-12T03:24:51.484Z','2025-06-12T03:24:51.484Z');
INSERT INTO day_schedules VALUES('2026-03-16','A','2025-06-12T03:24:51.484Z','2025-06-12T03:24:51.484Z');
INSERT INTO day_schedules VALUES('2026-03-17','B','2025-06-12T03:24:51.484Z','2025-06-12T03:24:51.484Z');
INSERT INTO day_schedules VALUES('2026-03-18','A','2025-06-12T03:24:51.484Z','2025-06-12T03:24:51.484Z');
INSERT INTO day_schedules VALUES('2026-03-19','B','2025-06-12T03:24:51.484Z','2025-06-12T03:24:51.484Z');
INSERT INTO day_schedules VALUES('2026-03-20','A','2025-06-12T03:24:51.484Z','2025-06-12T03:24:51.484Z');
INSERT INTO day_schedules VALUES('2026-03-30','B','2025-06-12T03:24:51.484Z','2025-06-12T03:24:51.484Z');
INSERT INTO day_schedules VALUES('2026-03-31','A','2025-06-12T03:24:51.484Z','2025-06-12T03:24:51.484Z');
INSERT INTO day_schedules VALUES('2026-04-01','B','2025-06-12T03:24:59.859Z','2025-06-12T03:24:59.859Z');
INSERT INTO day_schedules VALUES('2026-04-02','A','2025-06-12T03:24:59.859Z','2025-06-12T03:24:59.859Z');
INSERT INTO day_schedules VALUES('2026-04-03','B','2025-06-12T03:24:59.859Z','2025-06-12T03:24:59.859Z');
INSERT INTO day_schedules VALUES('2026-04-07','A','2025-06-12T03:24:59.859Z','2025-06-12T03:24:59.859Z');
INSERT INTO day_schedules VALUES('2026-04-08','B','2025-06-12T03:24:59.859Z','2025-06-12T03:24:59.859Z');
INSERT INTO day_schedules VALUES('2026-04-09','A','2025-06-12T03:24:59.859Z','2025-06-12T03:24:59.859Z');
INSERT INTO day_schedules VALUES('2026-04-10','B','2025-06-12T03:24:59.859Z','2025-06-12T03:24:59.859Z');
INSERT INTO day_schedules VALUES('2026-04-13','A','2025-06-12T03:24:59.859Z','2025-06-12T03:24:59.859Z');
INSERT INTO day_schedules VALUES('2026-04-14','B','2025-06-12T03:24:59.859Z','2025-06-12T03:24:59.859Z');
INSERT INTO day_schedules VALUES('2026-04-15','A','2025-06-12T03:24:59.859Z','2025-06-12T03:24:59.859Z');
INSERT INTO day_schedules VALUES('2026-04-16','B','2025-06-12T03:24:59.859Z','2025-06-12T03:24:59.859Z');
INSERT INTO day_schedules VALUES('2026-04-17','A','2025-06-12T03:24:59.859Z','2025-06-12T03:24:59.859Z');
INSERT INTO day_schedules VALUES('2026-04-20','B','2025-06-12T03:24:59.859Z','2025-06-12T03:24:59.859Z');
INSERT INTO day_schedules VALUES('2026-04-21','A','2025-06-12T03:24:59.859Z','2025-06-12T03:24:59.859Z');
INSERT INTO day_schedules VALUES('2026-04-22','B','2025-06-12T03:24:59.859Z','2025-06-12T03:24:59.859Z');
INSERT INTO day_schedules VALUES('2026-04-23','A','2025-06-12T03:24:59.859Z','2025-06-12T03:24:59.859Z');
INSERT INTO day_schedules VALUES('2026-04-24','B','2025-06-12T03:24:59.859Z','2025-06-12T03:24:59.859Z');
INSERT INTO day_schedules VALUES('2026-04-27','A','2025-06-12T03:24:59.859Z','2025-06-12T03:24:59.859Z');
INSERT INTO day_schedules VALUES('2026-04-28','B','2025-06-12T03:24:59.859Z','2025-06-12T03:24:59.859Z');
INSERT INTO day_schedules VALUES('2026-04-29','A','2025-06-12T03:24:59.859Z','2025-06-12T03:24:59.859Z');
INSERT INTO day_schedules VALUES('2026-04-30','B','2025-06-12T03:24:59.859Z','2025-06-12T03:24:59.859Z');
INSERT INTO day_schedules VALUES('2026-05-01','A','2025-06-12T03:25:08.679Z','2025-06-12T03:25:08.679Z');
INSERT INTO day_schedules VALUES('2026-05-04','B','2025-06-12T03:25:08.679Z','2025-06-12T03:25:08.679Z');
INSERT INTO day_schedules VALUES('2026-05-05','A','2025-06-12T03:25:08.679Z','2025-06-12T03:25:08.679Z');
INSERT INTO day_schedules VALUES('2026-05-06','B','2025-06-12T03:25:08.679Z','2025-06-12T03:25:08.679Z');
INSERT INTO day_schedules VALUES('2026-05-07','A','2025-06-12T03:25:08.679Z','2025-06-12T03:25:08.679Z');
INSERT INTO day_schedules VALUES('2026-05-08','B','2025-06-12T03:25:08.679Z','2025-06-12T03:25:08.679Z');
INSERT INTO day_schedules VALUES('2026-05-11','A','2025-06-12T03:25:08.679Z','2025-06-12T03:25:08.679Z');
INSERT INTO day_schedules VALUES('2026-05-12','B','2025-06-12T03:25:08.679Z','2025-06-12T03:25:08.679Z');
INSERT INTO day_schedules VALUES('2026-05-13','A','2025-06-12T03:25:08.679Z','2025-06-12T03:25:08.679Z');
INSERT INTO day_schedules VALUES('2026-05-14','B','2025-06-12T03:25:08.679Z','2025-06-12T03:25:08.679Z');
INSERT INTO day_schedules VALUES('2026-05-15','A','2025-06-12T03:25:08.679Z','2025-06-12T03:25:08.679Z');
INSERT INTO day_schedules VALUES('2026-05-18','B','2025-06-12T03:25:08.679Z','2025-06-12T03:25:08.679Z');
INSERT INTO day_schedules VALUES('2026-05-19','A','2025-06-12T03:25:08.679Z','2025-06-12T03:25:08.679Z');
INSERT INTO day_schedules VALUES('2026-05-20','B','2025-06-12T03:25:08.679Z','2025-06-12T03:25:08.679Z');
INSERT INTO day_schedules VALUES('2026-05-21','A','2025-06-12T03:25:08.679Z','2025-06-12T03:25:08.679Z');
INSERT INTO day_schedules VALUES('2026-05-26','B','2025-06-12T03:25:08.679Z','2025-06-12T03:25:08.679Z');
INSERT INTO day_schedules VALUES('2026-05-27','A','2025-06-12T03:25:08.679Z','2025-06-12T03:25:08.679Z');
INSERT INTO day_schedules VALUES('2026-05-28','B','2025-06-12T03:25:08.679Z','2025-06-12T03:25:08.679Z');
INSERT INTO day_schedules VALUES('2026-05-29','A','2025-06-12T03:25:08.679Z','2025-06-12T03:25:08.679Z');
INSERT INTO day_schedules VALUES('2026-06-01','B','2025-06-12T03:25:18.275Z','2025-06-12T03:25:18.275Z');
INSERT INTO day_schedules VALUES('2026-06-02','A','2025-06-12T03:25:18.275Z','2025-06-12T03:25:18.275Z');
INSERT INTO day_schedules VALUES('2026-06-03','B','2025-06-12T03:25:18.275Z','2025-06-12T03:25:18.275Z');
CREATE TABLE day_types (
            date TEXT PRIMARY KEY,
            type TEXT NOT NULL,
            created_at DATETIME DEFAULT CURRENT_TIMESTAMP,
            updated_at DATETIME DEFAULT CURRENT_TIMESTAMP
        );
INSERT INTO day_types VALUES('2025-06-11','NO SCHOOL','2025-06-12T03:42:05.525Z','2025-06-12T03:42:06.997Z');
INSERT INTO day_types VALUES('2025-08-07','FURLOUGH','2025-06-12T03:41:33.246Z','2025-06-12T03:41:33.248Z');
INSERT INTO day_types VALUES('2025-08-19','STAFF DEVELOPMENT','2025-06-12T03:42:21.409Z','2025-06-12T03:42:21.410Z');
INSERT INTO day_types VALUES('2025-08-20','STAFF DEVELOPMENT','2025-06-12T03:42:29.827Z','2025-06-12T03:42:29.837Z');
INSERT INTO day_types VALUES('2025-08-21','STAFF DEVELOPMENT','2025-06-12T03:42:31.228Z','2025-06-12T03:42:31.229Z');
INSERT INTO day_types VALUES('2025-08-22','NO SCHOOL','2025-06-12T03:42:39.442Z','2025-06-12T03:42:39.444Z');
INSERT INTO day_types VALUES('2025-08-25','NO SCHOOL','2025-06-12T03:42:42.385Z','2025-06-12T03:42:42.396Z');
INSERT INTO day_types VALUES('2025-09-01','NO SCHOOL','2025-06-12T03:43:03.317Z','2025-06-12T03:43:03.319Z');
INSERT INTO day_types VALUES('2025-09-11','ACCESS','2025-06-12T03:44:03.800Z','2025-06-12T03:44:03.804Z');
INSERT INTO day_types VALUES('2025-09-19','ACCESS','2025-06-12T03:44:15.543Z','2025-06-12T03:44:15.546Z');
INSERT INTO day_types VALUES('2025-09-26','STAFF DEVELOPMENT','2025-06-12T03:44:21.011Z','2025-06-12T03:44:21.015Z');
INSERT INTO day_types VALUES('2025-10-02','ACCESS','2025-08-04T23:27:04.491Z','2025-08-04T23:27:04.499Z');
INSERT INTO day_types VALUES('2025-10-08','ACCESS','2025-08-04T23:27:09.673Z','2025-08-04T23:27:09.692Z');
INSERT INTO day_types VALUES('2025-10-10','NO SCHOOL','2025-08-04T23:27:31.095Z','2025-08-04T23:27:31.095Z');
INSERT INTO day_types VALUES('2025-10-15','ACCESS','2025-08-04T23:27:13.595Z','2025-08-04T23:27:13.597Z');
INSERT INTO day_types VALUES('2025-10-29','ACCESS','2025-08-04T23:27:20.025Z','2025-08-04T23:27:20.049Z');
INSERT INTO day_types VALUES('2025-10-31','GRADING','2025-08-04T23:27:24.120Z','2025-08-04T23:27:24.123Z');
INSERT INTO day_types VALUES('2025-11-05','ACCESS','2025-08-04T23:28:32.169Z','2025-08-04T23:28:32.177Z');
INSERT INTO day_types VALUES('2025-11-10','NO SCHOOL','2025-08-04T23:28:39.453Z','2025-08-04T23:28:39.457Z');
INSERT INTO day_types VALUES('2025-11-11','NO SCHOOL','2025-08-04T23:28:42.901Z','2025-08-04T23:28:42.909Z');
INSERT INTO day_types VALUES('2025-11-19','ACCESS','2025-08-04T23:30:19.823Z','2025-08-04T23:30:19.828Z');
INSERT INTO day_types VALUES('2025-11-24','HOLIDAY','2025-08-04T23:30:24.785Z','2025-08-04T23:30:25.003Z');
INSERT INTO day_types VALUES('2025-11-25','HOLIDAY','2025-08-04T23:30:26.483Z','2025-08-04T23:30:26.491Z');
INSERT INTO day_types VALUES('2025-11-26','HOLIDAY','2025-08-04T23:30:28.900Z','2025-08-04T23:30:28.905Z');
INSERT INTO day_types VALUES('2025-11-27','HOLIDAY','2025-08-04T23:30:32.805Z','2025-08-04T23:30:32.814Z');
INSERT INTO day_types VALUES('2025-11-28','HOLIDAY','2025-08-04T23:30:34.949Z','2025-08-04T23:30:37.212Z');
INSERT INTO day_types VALUES('2025-12-04','ACCESS','2025-08-04T23:31:08.930Z','2025-08-04T23:31:08.931Z');
INSERT INTO day_types VALUES('2025-12-12','ACCESS','2025-08-04T23:31:14.232Z','2025-08-04T23:31:14.237Z');
INSERT INTO day_types VALUES('2025-12-22','HOLIDAY','2025-08-04T23:32:15.905Z','2025-08-04T23:32:15.913Z');
INSERT INTO day_types VALUES('2025-12-23','HOLIDAY','2025-08-04T23:32:17.660Z','2025-08-04T23:32:17.661Z');
INSERT INTO day_types VALUES('2025-12-24','HOLIDAY','2025-08-04T23:32:19.732Z','2025-08-04T23:32:19.779Z');
INSERT INTO day_types VALUES('2025-12-25','HOLIDAY','2025-08-04T23:32:21.973Z','2025-08-04T23:32:21.975Z');
INSERT INTO day_types VALUES('2025-12-26','HOLIDAY','2025-08-04T23:32:24.016Z','2025-08-04T23:32:24.020Z');
INSERT INTO day_types VALUES('2025-12-29','HOLIDAY','2025-08-04T23:32:28.255Z','2025-08-04T23:32:28.258Z');
INSERT INTO day_types VALUES('2025-12-30','HOLIDAY','2025-08-04T23:32:30.151Z','2025-08-04T23:32:30.151Z');
INSERT INTO day_types VALUES('2025-12-31','HOLIDAY','2025-08-04T23:32:32.477Z','2025-08-04T23:32:32.478Z');
INSERT INTO day_types VALUES('2026-01-01','HOLIDAY','2025-08-04T23:32:50.697Z','2025-08-04T23:32:50.719Z');
INSERT INTO day_types VALUES('2026-01-02','HOLIDAY','2025-08-04T23:32:53.498Z','2025-08-04T23:32:53.501Z');
INSERT INTO day_types VALUES('2026-01-05','STAFF DEVELOPMENT','2025-08-04T23:32:59.258Z','2025-08-04T23:32:59.287Z');
INSERT INTO day_types VALUES('2026-01-08','ACCESS','2025-08-04T23:33:09.699Z','2025-08-04T23:33:09.712Z');
INSERT INTO day_types VALUES('2026-01-16','ACCESS','2025-08-04T23:33:25.542Z','2025-08-04T23:33:25.543Z');
INSERT INTO day_types VALUES('2026-01-19','NO SCHOOL','2025-08-04T23:33:44.885Z','2025-08-04T23:33:44.887Z');
INSERT INTO day_types VALUES('2026-01-21','FINALS','2025-08-04T23:34:16.703Z','2025-08-04T23:34:16.705Z');
INSERT INTO day_types VALUES('2026-01-22','FINALS','2025-08-04T23:34:19.005Z','2025-08-04T23:34:19.010Z');
INSERT INTO day_types VALUES('2026-01-23','FINALS','2025-08-04T23:34:21.688Z','2025-08-04T23:34:21.695Z');
INSERT INTO day_types VALUES('2026-01-26','GRADING','2025-08-04T23:34:34.296Z','2025-08-04T23:34:34.355Z');
INSERT INTO day_types VALUES('2026-02-11','ACCESS','2025-08-04T23:35:05.698Z','2025-08-04T23:35:05.702Z');
INSERT INTO day_types VALUES('2026-02-16','NO SCHOOL','2025-08-04T23:35:11.554Z','2025-08-04T23:35:11.563Z');
INSERT INTO day_types VALUES('2026-02-27','NO SCHOOL','2025-08-04T23:35:25.731Z','2025-08-04T23:35:25.732Z');
INSERT INTO day_types VALUES('2026-03-05','ACCESS','2025-08-04T23:35:49.950Z','2025-08-04T23:35:50.069Z');
INSERT INTO day_types VALUES('2026-03-11','ACCESS','2025-08-04T23:35:53.328Z','2025-08-04T23:35:53.339Z');
INSERT INTO day_types VALUES('2026-03-23','HOLIDAY','2025-08-04T23:36:14.301Z','2025-08-04T23:36:14.302Z');
INSERT INTO day_types VALUES('2026-03-24','HOLIDAY','2025-08-04T23:36:16.093Z','2025-08-04T23:36:16.095Z');
INSERT INTO day_types VALUES('2026-03-25','HOLIDAY','2025-08-04T23:36:22.353Z','2025-08-04T23:36:22.372Z');
INSERT INTO day_types VALUES('2026-03-26','HOLIDAY','2025-08-04T23:36:23.928Z','2025-08-04T23:36:23.933Z');
INSERT INTO day_types VALUES('2026-03-27','HOLIDAY','2025-08-04T23:36:25.521Z','2025-08-04T23:36:25.526Z');
INSERT INTO day_types VALUES('2026-04-03','ACCESS','2025-08-04T23:36:48.182Z','2025-08-04T23:36:48.185Z');
INSERT INTO day_types VALUES('2026-04-14','ACCESS','2025-08-04T23:36:56.262Z','2025-08-04T23:36:56.271Z');
INSERT INTO day_types VALUES('2026-04-22','ACCESS','2025-08-04T23:37:02.734Z','2025-08-04T23:37:02.758Z');
INSERT INTO day_types VALUES('2026-05-06','ACCESS','2025-08-04T23:37:18.680Z','2025-08-04T23:37:18.750Z');
INSERT INTO day_types VALUES('2026-05-14','ACCESS','2025-08-04T23:37:23.248Z','2025-08-04T23:37:23.251Z');
INSERT INTO day_types VALUES('2026-05-22','NO SCHOOL','2025-08-04T23:37:31.192Z','2025-08-04T23:37:31.197Z');
INSERT INTO day_types VALUES('2026-05-25','NO SCHOOL','2025-08-04T23:37:38.781Z','2025-08-04T23:37:38.783Z');
INSERT INTO day_types VALUES('2026-05-28','ACCESS','2025-08-04T23:38:12.522Z','2025-08-04T23:38:12.529Z');
INSERT INTO day_types VALUES('2026-06-04','FINALS','2025-08-04T23:38:23.681Z','2025-08-04T23:38:23.682Z');
INSERT INTO day_types VALUES('2026-06-05','FINALS','2025-08-04T23:38:26.216Z','2025-08-04T23:38:26.223Z');
INSERT INTO day_types VALUES('2026-06-06','FINALS','2025-08-04T23:38:28.218Z','2025-08-04T23:38:28.218Z');
INSERT INTO day_types VALUES('2025-08-13','SNOW DAY','2025-08-08 20:08:53','2025-08-08 20:08:53');
CREATE TABLE events (
            id INTEGER PRIMARY KEY AUTOINCREMENT,
            school TEXT NOT NULL CHECK (school IN ('wlhs', 'wvhs')),
            date TEXT NOT NULL,
            title TEXT NOT NULL,
            department TEXT,
            time TEXT,
            description TEXT,
            created_at DATETIME DEFAULT CURRENT_TIMESTAMP,
            updated_at DATETIME DEFAULT CURRENT_TIMESTAMP
        );
INSERT INTO events VALUES(1,'wlhs','2025-06-17','Drama Club Meeting','Art/Theater','15:30:00','','2025-06-11T23:06:12.839Z','2025-06-11T23:06:12.839Z');
INSERT INTO events VALUES(2,'wlhs','2025-06-16','Basketball Game vs Lake Oswego','Athletics','19:00:00','','2025-06-11T23:06:12.890Z','2025-06-11T23:06:12.890Z');
INSERT INTO events VALUES(3,'wvhs','2025-08-01','Panorama','Testing',NULL,'','2025-06-12T00:07:24.164Z','2025-06-12T00:07:24.164Z');
INSERT INTO events VALUES(4,'wlhs','2025-06-11','sdf','Athletics',NULL,'','2025-06-12T00:41:16.970Z','2025-06-12T00:41:16.970Z');
INSERT INTO events VALUES(5,'wlhs','2025-09-03','Panorama Survey','Life',NULL,'','2025-06-12T03:43:18.221Z','2025-06-12T03:43:18.221Z');
INSERT INTO events VALUES(6,'wlhs','2025-09-05','9th Grade Assembly','ASB',NULL,'in PAC','2025-06-12T03:43:38.717Z','2025-06-12T03:43:38.717Z');
INSERT INTO events VALUES(7,'wlhs','2025-09-09','Live ROAR','ASB',NULL,'','2025-06-12T03:43:55.396Z','2025-06-12T03:43:55.396Z');
INSERT INTO events VALUES(8,'wlhs','2025-09-03','12th Grade Assembly','ASB',NULL,'in PAC','2025-06-12T03:44:38.791Z','2025-06-12T03:44:38.791Z');
INSERT INTO events VALUES(9,'wvhs','2025-08-29','11th Grade Assembly (PAC)','ASB',NULL,'','2025-06-13T02:31:31.587Z','2025-06-13T02:31:31.587Z');
INSERT INTO events VALUES(10,'wvhs','2025-08-29','10th Grade Assembly (PAC)','ASB',NULL,'','2025-06-13T02:33:00.828Z','2025-06-13T02:33:00.828Z');
INSERT INTO events VALUES(11,'wlhs','2025-08-27','Live ROAR','ASB',NULL,'','2025-06-13T02:34:12.341Z','2025-06-13T02:34:12.341Z');
INSERT INTO events VALUES(12,'wlhs','2025-08-29','10th Grade Assembly','ASB',NULL,'','2025-06-13T02:34:25.061Z','2025-06-13T02:34:25.061Z');
INSERT INTO events VALUES(13,'wlhs','2025-08-29','11th Grade Assembly','ASB',NULL,'','2025-06-13T02:34:33.643Z','2025-06-13T02:34:33.643Z');
INSERT INTO events VALUES(14,'wlhs','2025-09-17','Club Fair','ASB',NULL,'','2025-06-13T02:35:14.305Z','2025-06-13T02:35:14.305Z');
INSERT INTO events VALUES(15,'wlhs','2025-09-15','College Process Assembly for 12th Graders','Counseling',NULL,'','2025-06-13T02:35:45.193Z','2025-06-13T02:35:45.193Z');
INSERT INTO events VALUES(16,'wlhs','2025-09-23','Live ROAR','ASB',NULL,'','2025-06-13T02:36:36.930Z','2025-06-13T02:36:36.930Z');
INSERT INTO events VALUES(17,'wlhs','2025-09-23','9th Grade Counselor-Led Lesson','Counseling',NULL,'','2025-06-13T02:36:48.685Z','2025-06-13T02:36:48.685Z');
INSERT INTO events VALUES(18,'wlhs','2025-09-25','9th Grade Counselor-Led Lesson','Testing',NULL,'','2025-06-13T02:37:49.475Z','2025-06-13T02:37:49.475Z');
INSERT INTO events VALUES(19,'wlhs','2025-09-30','Live ROAR','ASB',NULL,'','2025-06-13T02:38:05.392Z','2025-06-13T02:38:05.392Z');
INSERT INTO events VALUES(20,'wlhs','2025-10-06','LIVE ROAR','ASB',NULL,'','2025-08-04T23:44:56.244Z','2025-08-04T23:44:56.244Z');
INSERT INTO events VALUES(21,'wlhs','2025-10-13','Live ROAR','ASB',NULL,'','2025-08-04T23:45:31.211Z','2025-08-04T23:45:31.211Z');
INSERT INTO events VALUES(22,'wlhs','2025-10-17','11th Grade Assembly ','Counseling',NULL,'11th Grade Career Panel','2025-08-04T23:46:07.744Z','2025-08-04T23:46:07.744Z');
INSERT INTO events VALUES(23,'wlhs','2025-10-23','Homecoming Assembly','ASB',NULL,'On Football Field (Weather Permitting)','2025-08-04T23:46:35.649Z','2025-08-04T23:46:35.649Z');
INSERT INTO events VALUES(24,'wlhs','2025-10-27','Live ROAR','ASB',NULL,'','2025-08-04T23:47:47.182Z','2025-08-04T23:47:47.182Z');
INSERT INTO events VALUES(25,'wlhs','2025-11-03','Live ROAR','ASB',NULL,'','2025-08-04T23:48:42.378Z','2025-08-04T23:48:42.378Z');
INSERT INTO events VALUES(26,'wlhs','2025-11-03','10th Grade Counselor-Led Lesson','Counseling',NULL,'','2025-08-04T23:48:55.043Z','2025-08-04T23:48:55.043Z');
INSERT INTO events VALUES(27,'wlhs','2025-11-07','10th Grade Counselor-Led Lesson','Counseling',NULL,'','2025-08-04T23:49:20.164Z','2025-08-04T23:49:20.164Z');
INSERT INTO events VALUES(28,'wlhs','2025-11-13','Live ROAR','ASB',NULL,'','2025-08-04T23:49:36.310Z','2025-08-04T23:49:36.310Z');
INSERT INTO events VALUES(29,'wlhs','2025-11-17','Live ROAR','ASB',NULL,'','2025-08-04T23:49:49.409Z','2025-08-04T23:49:49.409Z');
INSERT INTO events VALUES(30,'wlhs','2025-12-02','Live ROAR','ASB',NULL,'','2025-08-04T23:50:15.291Z','2025-08-04T23:50:15.291Z');
INSERT INTO events VALUES(31,'wlhs','2025-12-08','Live ROAR','ASB',NULL,'','2025-08-04T23:51:17.336Z','2025-08-04T23:51:17.336Z');
INSERT INTO events VALUES(32,'wlhs','2025-12-08','11th Grade Post-HS Workshop 1','Counseling',NULL,'','2025-08-04T23:51:33.729Z','2025-08-04T23:51:33.729Z');
INSERT INTO events VALUES(33,'wlhs','2025-12-10','11th Grade Post-HS Workshop 2','Counseling',NULL,'','2025-08-04T23:51:52.711Z','2025-08-04T23:51:52.711Z');
INSERT INTO events VALUES(34,'wlhs','2025-12-16','Live ROAR','ASB',NULL,'','2025-08-04T23:52:05.830Z','2025-08-04T23:52:05.830Z');
INSERT INTO events VALUES(35,'wlhs','2025-12-18','Winterfest Assembly','ASB',NULL,'Main Gym','2025-08-04T23:52:20.035Z','2025-08-04T23:52:20.035Z');
INSERT INTO events VALUES(36,'wlhs','2026-01-06','Live ROAR','ASB',NULL,'','2025-08-04T23:52:40.215Z','2025-08-04T23:52:40.215Z');
INSERT INTO events VALUES(37,'wlhs','2026-01-12','Live ROAR','ASB',NULL,'','2025-08-04T23:52:53.697Z','2025-08-04T23:52:53.697Z');
INSERT INTO events VALUES(38,'wlhs','2026-01-20','1-8 Day ','Life',NULL,'','2025-08-04T23:53:18.227Z','2025-08-04T23:53:18.227Z');
INSERT INTO events VALUES(39,'wlhs','2026-01-28','Live ROAR','ASB',NULL,'','2025-08-04T23:53:32.660Z','2025-08-04T23:53:32.660Z');
INSERT INTO events VALUES(40,'wlhs','2026-01-30','12th Grade Assembly (Amazing Race)','ASB',NULL,'Kickoff to Amazing Race in PAC','2025-08-04T23:53:54.442Z','2025-08-04T23:53:54.442Z');
INSERT INTO events VALUES(41,'wlhs','2026-02-03','Live ROAR (with Amazing Race)','ASB',NULL,'','2025-08-04T23:54:22.209Z','2025-08-04T23:54:22.209Z');
INSERT INTO events VALUES(42,'wlhs','2026-02-03','11th Grade Assembly (Scheduling) ','Counseling',NULL,'11th Graders (Rising Seniors) in PAC','2025-08-04T23:54:53.109Z','2025-08-04T23:54:53.109Z');
INSERT INTO events VALUES(43,'wlhs','2026-02-05','10th Grade Assembly (Scheduling)','Counseling',NULL,'Scheduling Assembly for 10th Grade (Rising Juniors)','2025-08-04T23:55:33.226Z','2025-08-04T23:55:33.226Z');
INSERT INTO events VALUES(44,'wlhs','2026-02-05','11th Grade Assembly (Scheduling)','Counseling',NULL,'Scheduling Assembly for 9th Grade (Rising Sophomores)','2025-08-04T23:55:54.099Z','2025-08-04T23:55:54.099Z');
INSERT INTO events VALUES(45,'wlhs','2026-02-09','Live ROAR (with Amazing Race)','ASB',NULL,'','2025-08-04T23:56:09.028Z','2025-08-04T23:56:09.028Z');
INSERT INTO events VALUES(46,'wlhs','2026-02-09','Kindness Week','ASB',NULL,'','2025-08-04T23:56:17.201Z','2025-08-04T23:56:17.201Z');
INSERT INTO events VALUES(47,'wlhs','2026-02-13','11th Grade Counselor 1-1 Meetings','Counseling',NULL,'Rising 12th Grade Counselor Meetings','2025-08-04T23:56:52.547Z','2025-08-04T23:56:52.547Z');
INSERT INTO events VALUES(48,'wlhs','2026-02-18','Live ROAR (with Amazing Race)','ASB',NULL,'','2025-08-04T23:57:12.037Z','2025-08-04T23:57:12.037Z');
INSERT INTO events VALUES(49,'wlhs','2026-02-18','11th Grade Counselor 1-1''s','Counseling',NULL,'Rising 12th Grade Counselor Meetings','2025-08-04T23:57:45.895Z','2025-08-04T23:57:45.895Z');
INSERT INTO events VALUES(50,'wlhs','2026-02-20','11th Grade 1-1 Counselor Meetings','Counseling',NULL,'Rising 12th Grade Counselor Meetings','2025-08-04T23:58:08.108Z','2025-08-04T23:58:08.108Z');
INSERT INTO events VALUES(51,'wlhs','2026-02-24','Live ROAR ','ASB',NULL,'','2025-08-04T23:58:26.798Z','2025-08-04T23:58:26.798Z');
INSERT INTO events VALUES(52,'wlhs','2026-02-24','10th Grade Counselor 1-1 Meetings','Counseling',NULL,'Rising 11th Grade Counselor Meetings','2025-08-04T23:58:44.505Z','2025-08-04T23:58:44.505Z');
INSERT INTO events VALUES(53,'wlhs','2026-02-26','10th Grade 1-1 Counselor Meetings','Counseling',NULL,'Rising 11th Grade Counselor Meetings','2025-08-04T23:59:03.537Z','2025-08-04T23:59:03.537Z');
INSERT INTO events VALUES(54,'wlhs','2026-02-26','Amazing Race Finale','ASB',NULL,'','2025-08-04T23:59:10.112Z','2025-08-04T23:59:10.112Z');
INSERT INTO events VALUES(55,'wlhs','2026-03-03','Live ROAR','ASB',NULL,'','2025-08-04T23:59:33.313Z','2025-08-04T23:59:33.313Z');
INSERT INTO events VALUES(56,'wlhs','2026-03-03','10th Grade 1-1 Counselor Meetings','Counseling',NULL,'Rising 11th Grade Counselor Meetings','2025-08-05T00:00:09.250Z','2025-08-05T00:00:09.250Z');
INSERT INTO events VALUES(57,'wlhs','2026-03-09','Live ROAR','ASB',NULL,'','2025-08-05T00:00:21.945Z','2025-08-05T00:00:21.945Z');
INSERT INTO events VALUES(58,'wlhs','2026-03-09','9th Grade 1-1 Counselor Meetings','Counseling',NULL,'Rising 10th Grade Counselor Meetings','2025-08-05T00:00:39.953Z','2025-08-05T00:00:39.953Z');
INSERT INTO events VALUES(59,'wlhs','2026-03-11','Women''s Forum','ASB',NULL,'','2025-08-05T00:00:59.805Z','2025-08-05T00:00:59.805Z');
INSERT INTO events VALUES(60,'wlhs','2026-03-13','9th Grade 1-1 Counselor Meetings','Counseling',NULL,'Rising 10th Grade Counselor Meetings','2025-08-05T00:01:15.222Z','2025-08-05T00:01:15.222Z');
INSERT INTO events VALUES(61,'wlhs','2026-03-17','Live ROAR','ASB',NULL,'','2025-08-05T00:01:35.324Z','2025-08-05T00:01:35.324Z');
INSERT INTO events VALUES(62,'wlhs','2026-03-17','Scheduling Catch-Up','Counseling',NULL,'','2025-08-05T00:01:45.900Z','2025-08-05T00:01:45.900Z');
INSERT INTO events VALUES(63,'wlhs','2026-03-19','SpringFest Assembly','ASB',NULL,'','2025-08-05T00:02:02.077Z','2025-08-05T00:02:02.077Z');
INSERT INTO events VALUES(64,'wlhs','2026-03-30','Live ROAR','ASB',NULL,'','2025-08-05T00:02:15.572Z','2025-08-05T00:02:15.572Z');
INSERT INTO events VALUES(65,'wlhs','2026-04-08','Live ROAR','ASB',NULL,'','2025-08-05T00:02:37.103Z','2025-08-05T00:02:37.103Z');
INSERT INTO events VALUES(66,'wlhs','2026-04-15','Rising 9th Grade Tours','Counseling',NULL,'Middle school students tour campus','2025-08-05T00:03:18.747Z','2025-08-05T00:03:18.747Z');
INSERT INTO events VALUES(67,'wlhs','2026-04-16','11th Grade Assembly (Life After HS)','Counseling',NULL,'','2025-08-05T00:03:54.759Z','2025-08-05T00:03:54.759Z');
INSERT INTO events VALUES(68,'wlhs','2026-04-20','Live ROAR','ASB',NULL,'','2025-08-05T00:04:05.288Z','2025-08-05T00:04:05.288Z');
INSERT INTO events VALUES(69,'wlhs','2026-04-21','Rising 9th Grade Tours','Counseling',NULL,'Middle school students tour campus','2025-08-05T00:04:42.412Z','2025-08-05T00:04:42.412Z');
INSERT INTO events VALUES(70,'wlhs','2026-04-28','Live ROAR','ASB',NULL,'','2025-08-05T00:04:53.436Z','2025-08-05T00:04:53.436Z');
INSERT INTO events VALUES(71,'wlhs','2026-04-30','May Day','ASB',NULL,'','2025-08-05T00:05:02.864Z','2025-08-05T00:05:02.864Z');
INSERT INTO events VALUES(72,'wlhs','2026-05-04','Live ROAR','ASB',NULL,'','2025-08-05T00:05:28.528Z','2025-08-05T00:05:28.528Z');
INSERT INTO events VALUES(73,'wlhs','2026-05-12','Live ROAR','ASB',NULL,'','2025-08-05T00:05:44.331Z','2025-08-05T00:05:44.331Z');
INSERT INTO events VALUES(74,'wlhs','2026-05-18','Live ROAR','ASB',NULL,'','2025-08-05T00:05:56.262Z','2025-08-05T00:05:56.262Z');
INSERT INTO events VALUES(75,'wlhs','2026-05-18','ASB Elections','ASB',NULL,'','2025-08-05T00:06:02.580Z','2025-08-05T00:06:02.580Z');
INSERT INTO events VALUES(76,'wlhs','2026-05-21','Evening of Excellence',NULL,NULL,'','2025-08-05T00:06:19.278Z','2025-08-05T00:06:19.278Z');
INSERT INTO events VALUES(77,'wlhs','2026-06-02','12th Graders'' Last Day',NULL,NULL,'','2025-08-05T00:06:42.834Z','2025-08-05T00:06:42.834Z');
CREATE TABLE materials (
            id INTEGER PRIMARY KEY AUTOINCREMENT,
            school TEXT NOT NULL CHECK (school IN ('wlhs', 'wvhs')),
            date TEXT NOT NULL,
            grade_level INTEGER NOT NULL CHECK (grade_level BETWEEN 9 AND 12),
            title TEXT NOT NULL,
            link TEXT NOT NULL,
            description TEXT DEFAULT '',
            password TEXT DEFAULT '',
            created_at DATETIME DEFAULT CURRENT_TIMESTAMP,
            updated_at DATETIME DEFAULT CURRENT_TIMESTAMP
        );
INSERT INTO materials VALUES(1,'wvhs','2025-06-12',9,'Lesson','https://console.neon.tech/app/projects/still-field-70803756/branches/br-raspy-darkness-a88xj8m6/tables?database=neondb','','','2025-06-12T00:33:49.442Z','2025-06-12T00:33:49.442Z');
DELETE FROM sqlite_sequence;
INSERT INTO sqlite_sequence VALUES('events',77);
INSERT INTO sqlite_sequence VALUES('materials',1);
CREATE INDEX idx_events_school_date ON events(school, date);
CREATE INDEX idx_materials_school_date_grade ON materials(school, date, grade_level);
CREATE INDEX idx_events_date ON events(date);
CREATE INDEX idx_materials_date ON materials(date);
CREATE INDEX idx_day_schedules_date ON day_schedules(date);
CREATE INDEX idx_day_types_date ON day_types(date);
